[心得] 遲來兩年的機戰傭兵6：天火全S心得,2,Tue Oct 28 21:07:56 2025
[公告] 板務宣導/實用連結/置底聊天區,爆,(no time found)
[公告] Steam板板規/文章推薦區,15,Fri Sep 15 00:09:18 2017
[公告] 交易文章使用說明(發文/推文前請詳閱),0,Thu Jun  1 11:44:59 2017
[公告] 9月置底遊戲交換區,4,Mon Sep  1 17:29:16 2025
[公告] 10月置底遊戲交換區,9,(no time found)
[問題] 逃離鴨科夫，看不見的敵人,34,Sun Oct 26 20:30:20 2025
[閒聊] 沉沒意志 心得&閒聊  有雷,8,Sun Oct 26 21:49:10 2025
[限免] 911 Operator,74,Mon Oct 27 03:46:57 2025
[閒聊] 《The Cube Save Us》的神奇道具與設定,4,Mon Oct 27 13:33:36 2025
Re: [心得] 歐美視覺小黃遊推薦 【FreshWomen 新生】,14,Mon Oct 27 15:50:54 2025
[CS2 ] PGL Master Bucharest 2025 Group Day2,1,Mon Oct 27 16:13:32 2025
[問題] 玩遊戲前的 PC專用XBOX 搖桿 問題,20,Mon Oct 27 16:41:40 2025
[新聞] 索尼反擊《荒野起源》壟斷指控駁斥騰訊「,0,Mon Oct 27 22:54:14 2025
[閒聊] Hades2 後日談破關(雷),6,Mon Oct 27 22:56:26 2025
[新聞] 文明7新DLC 11/4起限時免費領取(是否要不要本體不知道),9,Tue Oct 28 09:26:45 2025
Re: [心得] 魔鬼終結者：反抗,2,Tue Oct 28 12:55:10 2025
[心得] 最近在幾個linux distro使用steam的心得,9,Tue Oct 28 13:11:23 2025
Fw: [情報] 《樓蘭：詛咒之沙》首支宣傳影片,9,Tue Oct 28 14:06:07 2025
[CS2 ] PGL Master Bucharest 2025 Group Day3,1,Tue Oct 28 15:56:00 2025
[心得] RunningWithRifles 試玩心得,4,Tue Oct 28 16:52:21 2025
[心得] 我被古裝美女包圍了（爛,1,Tue Oct 28 16:55:16 2025
[情報] ARC Raiders 發售預告，十月底登場搜打撤,16,Tue Oct 28 17:01:26 2025
[問題] Steam購買遊戲的方式,0,Tue Oct 28 17:19:54 2025
[問題] 請問Valve商店沒了嗎？,2,Tue Oct 28 18:58:57 2025
Re: [問題] Steam購買遊戲的方式,0,Tue Oct 28 19:32:16 2025
[閒聊] Hades 2 修改結局更新（預覽中）,11,Fri Oct 24 15:38:15 2025
Fw: [情報] 國產獨立遊戲《亞路塔》 11/6發售,8,Fri Oct 24 17:08:20 2025
[問題] 逃離鴨科夫如何解鎖倉庫擴展LV.1(已解決),19,Fri Oct 24 20:54:35 2025
Re: [問題] xbox ally x 適合玩steam遊戲嗎？,4,Fri Oct 24 21:47:51 2025
[心得] Rust 有奇怪毒性,8,Fri Oct 24 23:39:16 2025
[閒聊] Halo:CE 重製版公布(預計2026上市),18,Sat Oct 25 05:56:35 2025
[問題] 逃離鴨科夫小擴容箱有藍圖嗎??,9,Sat Oct 25 14:19:42 2025
[情報] 《Project TAL》宣傳影片釋出,3,Sat Oct 25 14:25:09 2025
[情報] 《超級槍彈辯駁 2×2》黑白熊聲優,2,Sat Oct 25 14:26:48 2025
[心得] 命運遊戲2：百年之約,5,Sat Oct 25 14:57:33 2025
[問題] 請推薦小說改編的遊戲,34,Sat Oct 25 15:02:06 2025
[閒聊]LoveR Kiss Endless Memories 似乎被刪除,3,Sat Oct 25 17:34:53 2025
[新聞] 承諾跳票？《戰地風雲6》大砍刷槍 升等,0,Sat Oct 25 18:08:49 2025
[心得] 紙房子 中式青春疼痛政確女同百合大作,5,Sat Oct 25 19:32:55 2025
[問題] STEAM頻繁自動關閉導致遊戲當掉或關閉,7,Sat Oct 25 23:56:44 2025
[心得] 空洞騎士 萬神殿四鎖五門心得,24,Sun Oct 26 11:52:54 2025
[問題]  ball & pit 建築怎麼蓋,6,Sun Oct 26 12:59:35 2025
[CS2 ] PGL Master Bucharest 2025 Group Day1,2,Sun Oct 26 15:27:12 2025
[心得] 魔鬼終結者：反抗,10,Sun Oct 26 17:09:09 2025
[心得] 護身術道場更新,3,Sun Oct 26 17:42:07 2025
